{
	"images": {
		"title": {
			"image": "hexxit2:textures/mainmenu/hexxit2_logo.png",
			"posX": -160,
			"posY": 25,
			"width": 320,
			"height": 140,
			"imageWidth": 1600,
			"imageHeight": 700,
			"alignment": "top_center"
		}
	},
	"buttons": {
		"singleplayer": {
			"text": "menu.singleplayer",
			"texture": "hexxit2:textures/mainmenu/btn.png",
			"hoverTextColor": 10045439,
			"alignment": "bottom_left",
			"textOffsetX": -50,
			"posX": 10,
			"posY": -140,
			"width": 200,
			"height": 20,
			"imageWidth": 200,
			"imageHeight": 20,
			"action": {
				"type": "openGui",
				"gui": "singleplayer"
			}
		},
		"multiplayer": {
			"text": "menu.multiplayer",
			"texture": "hexxit2:textures/mainmenu/btn.png",
			"hoverTextColor": 10045439,
			"alignment": "bottom_left",
			"textOffsetX": -54,
			"posX": 10,
			"posY": -120,
			"width": 200,
			"height": 20,
			"imageWidth": 200,
			"imageHeight": 20,
			"action": {
				"type": "openGui",
				"gui": "multiplayer"
			}
		},
		"hostedserver": {
			"text": "Get a Server",
			"texture": "hexxit2:textures/mainmenu/btn.png",
			"hoverTextColor": 10045439,
			"alignment": "bottom_left",
			"textOffsetX": -48,
			"posX": 10,
			"posY": -100,
			"width": 200,
			"height": 20,
			"imageWidth": 200,
			"imageHeight": 20,
			"action": {
				"type": "openLink",
				"link": "https://bit.ly/Hexxit-II-Menu-Akliz"
			}
		},
		"options": {
			"text": "menu.options",
			"texture": "hexxit2:textures/mainmenu/btn.png",
			"hoverTextColor": 10045439,
			"alignment": "bottom_left",
			"textOffsetX": -60,
			"posX": 10,
			"posY": -80,
			"width": 200,
			"height": 20,
			"imageWidth": 200,
			"imageHeight": 20,
			"action": {
				"type": "openGui",
				"gui": "options"
			}
		},
		"quit": {
			"text": "Quit Game",
			"texture": "hexxit2:textures/mainmenu/btn.png",
			"hoverTextColor": 10045439,
			"alignment": "bottom_left",
			"textOffsetX": -58,
			"posX": 10,
			"posY": -60,
			"width": 200,
			"height": 20,
			"imageWidth": 200,
			"imageHeight": 20,
			"pressSound": "hexxit2:textures/mainmenu/blank.ogg",
			"action": {
				"type": "quit"
			}
		},
		"issuetracker": {
			"text": "Issue Tracker",
			"textOffsetX": 45,
			"texture": "hexxit2:textures/mainmenu/btn.png",
			"hoverTextColor": 10045439,
			"alignment": "bottom_right",
			"posX": -210,
			"posY": -140,
			"width": 200,
			"height": 20,
			"imageWidth": 200,
			"imageHeight": 20,
			"action": {
				"type": "openLink",
				"link": "https://bit.ly/Hexxit-II-Issue-Tracker"
			}
		},
		"discordtechnic": {
			"text": "Technic's Discord",
			"textOffsetX": 37,
			"texture": "hexxit2:textures/mainmenu/btn.png",
			"hoverTextColor": 10045439,
			"alignment": "bottom_right",
			"posX": -210,
			"posY": -120,
			"width": 200,
			"height": 20,
			"imageWidth": 200,
			"imageHeight": 20,
			"action": {
				"type": "openLink",
				"link": "https://bit.ly/Hexxit-II-Technic-Discord-Invite"
			}
		},
		"discordauthor": {
			"text": "Jon's Discord",
			"textOffsetX": 47,
			"texture": "hexxit2:textures/mainmenu/btn.png",
			"hoverTextColor": 10045439,
			"alignment": "bottom_right",
			"posX": -210,
			"posY": -100,
			"width": 200,
			"height": 20,
			"imageWidth": 200,
			"imageHeight": 20,
			"action": {
				"type": "openLink",
				"link": "https://bit.ly/Hexxit-II-Author-Discord-Invite"
			}
		},
		"mods": {
			"text": "Loaded Mods",
			"textOffsetX": 50,
			"texture": "hexxit2:textures/mainmenu/btn.png",
			"hoverTextColor": 10045439,
			"alignment": "bottom_right",
			"posX": -210,
			"posY": -80,
			"width": 200,
			"height": 20,
			"imageWidth": 200,
			"imageHeight": 20,
			"action": {
				"type": "openGui",
				"gui": "mods"
			}
		},
		"languagebutton": {
			"text": "Language...",
			"texture": "hexxit2:textures/mainmenu/btn.png",
			"hoverTextColor": 10045439,
			"alignment": "bottom_right",
			"textOffsetX": 55,
			"posX": -210,
			"posY": -60,
			"width": 200,
			"height": 20,
			"imageWidth": 200,
			"imageHeight": 20,
			"action": {
				"type": "openGui",
				"gui": "languages"
			}
		},
		"modslabel": {
			"text": "#modsactive# mods loaded and active",
			"texture": "hexxit2:textures/mainmenu/btn_blank.png",
			"width": 140,
			"height": 8,
			"posX": 1,
			"posY": -10,
			"normalTextColor": 16777215,
			"hoverTextColor": 16777215,
			"tooltip": "Running Forge #forgeversion#",
			"pressSound": "hexxit2:textures/mainmenu/blank.ogg",
			"alignment": "bottom_left"
		},
		"speaker": {
			"text": "",
			"texture": "hexxit2:textures/mainmenu/speaker.png",
			"width": 19,
			"height": 20,
			"imageWidth": 19,
			"imageHeight": 20,
			"posX": -19,
			"posY": 0,
			"alignment": "top_right",
			"action": {
				"type": "openGui",
				"gui": "options.sounds"
			}
		}
	},
	"labels": {
		"mojang": {
			"text": "Copyright Mojang AB. Do not distribute!",
			"posX": -197,
			"posY": -10,
			"color": -1,
			"alignment": "bottom_right"
		},
		"hexxit2": {
			"text": "Hexxit II 1.4.4",
			"posX": 1,
			"posY": 2,
			"color": -1,
			"alignment": "top_left",
			"action": {
				"type": "openLink",
				"link": "https://www.technicpack.net/modpack/hexxit-ii/changelog"
			}
		}
	},
	"other": {
		"panorama": {
			"images": "hexxit2:textures/mainmenu/panoramas/panorama_%c.png",
			"animate": true,
			"animationSpeed": 1,
			"blur": true,
			"gradient": true
		}
	}
}